id,data_abertura,setor,categoria,prioridade,status,tecnico,horas_resolucao
1001,2026-09-01,Financeiro,Rede,Alta,Resolvido,Carlos,2.5
1002,2026-09-01,RH,Sistema,Média,Resolvido,Ana,5.0
1003,2026-09-02,Jurídico,Impressora,Baixa,Resolvido,Bruno,1.2
1004,2026-09-03,Financeiro,Sistema,Alta,Em andamento,Ana,
1005,2026-09-03,TI,Rede,Crítica,Resolvido,Carlos,0.8
1006,2026-09-04,RH,Acesso,Média,Resolvido,Bruno,3.4
1007,2026-09-05,Gabinete,Email,Alta,Aberto,Ana,
1008,2026-09-06,Jurídico,Rede,Média,Resolvido,Carlos,4.1
1009,2026-09-07,Gabinete,Sistema,Baixa,Resolvido,Bruno,6.0
1010,2026-09-08,Financeiro,Acesso,Alta,Em andamento,Carlos,
