titulo,tipo,genero,ano,nota,duracao_min,plataforma
Horizonte Vermelho,Filme,Ficção científica,2024,8.1,128,StreamMax
Cidade de Vidro,Série,Drama,2025,7.8,50,TelaPlay
Último Samurai Azul,Anime,Ação,2023,8.7,24,AniWorld
Café da Meia-Noite,Série,Comédia,2024,7.4,32,StreamMax
Eco Lunar,Filme,Suspense,2026,8.3,115,Cinema+
Circuito Zero,Anime,Ficção científica,2025,8.0,23,AniWorld
Casa 47,Filme,Terror,2022,6.9,102,TelaPlay
Primavera em Kyoto,Anime,Romance,2024,8.5,24,AniWorld
Linha de Frente,Série,Ação,2026,7.9,46,Cinema+
Depois da Chuva,Filme,Drama,2025,8.6,121,StreamMax
